step,potential_energy,temperature
1000,-2418.6000000000026,1.1996003999999998
2000,-2505.600000000005,1.1992004
3000,-2465.000000000003,1.1988003999999999
4000,-2465.000000000003,1.1984004
5000,-2505.6000000000026,1.1980004
6000,-2499.800000000002,1.1976004
7000,-2505.600000000001,1.1972004
8000,-2563.6000000000045,1.1968003999999999
9000,-2592.6000000000045,1.1964004
10000,-2482.400000000003,1.1960004
11000,-2639.000000000003,1.1956004
12000,-2482.400000000002,1.1952004
13000,-2499.800000000001,1.1948003999999999
14000,-2470.7999999999993,1.1944004
15000,-2482.4000000000015,1.1940004
16000,-2505.6000000000026,1.1936004
17000,-2528.8000000000034,1.1932004
18000,-2465.0000000000027,1.1928003999999999
19000,-2679.600000000004,1.1924004
20000,-2534.6000000000035,1.1920004
21000,-2505.6000000000035,1.1916004
22000,-2557.8000000000034,1.1912004
23000,-2569.4000000000046,1.1908003999999999
24000,-2511.4000000000024,1.1904004
25000,-2546.200000000002,1.1900004
26000,-2424.4000000000005,1.1896004
27000,-2511.4000000000033,1.1892004
28000,-2540.4000000000033,1.1888003999999999
29000,-2557.8000000000043,1.1884004
30000,-2633.200000000003,1.1880004
31000,-2627.4000000000055,1.1876004
32000,-2598.4000000000033,1.1872004
33000,-2563.600000000002,1.1868003999999999
34000,-2714.4000000000046,1.1864004
35000,-2673.8000000000047,1.1860004
36000,-2586.8000000000065,1.1856004
37000,-2615.800000000005,1.1852004
38000,-2662.200000000007,1.1848003999999999
39000,-2604.200000000002,1.1844004
40000,-2546.200000000005,1.1840004
41000,-2569.4000000000033,1.1836004
42000,-2668.000000000005,1.1832004
43000,-2534.600000000004,1.1828003999999999
44000,-2691.200000000006,1.1824004
45000,-2482.400000000002,1.1820004
46000,-2470.8000000000043,1.1816004
47000,-2575.200000000004,1.1812004
48000,-2563.6000000000067,1.1808003999999999
49000,-2569.400000000004,1.1804004
50000,-2534.6000000000045,1.1800004
51000,-2511.4000000000046,1.1796004
52000,-2697.0000000000073,1.1792004
53000,-2447.6000000000017,1.1788003999999999
54000,-2540.400000000004,1.1784004
55000,-2673.800000000004,1.1780004
56000,-2615.800000000003,1.1776004
57000,-2499.8000000000006,1.1772004
58000,-2517.2000000000035,1.1768003999999999
59000,-2540.400000000002,1.1764004
60000,-2499.8000000000015,1.1760004
61000,-2639.000000000003,1.1756004
62000,-2552.0000000000027,1.1752004
63000,-2546.2000000000025,1.1748003999999999
64000,-2470.8,1.1744004
65000,-2627.4000000000055,1.1740004
66000,-2627.400000000005,1.1736004
67000,-2668.0000000000086,1.1732004
68000,-2708.6000000000063,1.1728003999999999
69000,-2685.400000000004,1.1724004
70000,-2569.4000000000074,1.1720004
71000,-2639.0000000000045,1.1716004
72000,-2702.8000000000075,1.1712004
73000,-2656.400000000007,1.1708004
74000,-2656.400000000006,1.1704004000000001
75000,-2575.2000000000044,1.1700004000000002
76000,-2517.2000000000016,1.1696004
77000,-2586.8000000000025,1.1692004
78000,-2633.2000000000044,1.1688004
79000,-2453.4000000000005,1.1684004000000001
80000,-2615.800000000005,1.1680004000000002
81000,-2639.000000000007,1.1676004
82000,-2737.600000000007,1.1672004
83000,-2488.200000000001,1.1668004
84000,-2575.2000000000057,1.1664004000000001
85000,-2592.600000000004,1.1660004
86000,-2668.0000000000055,1.1656004
87000,-2650.600000000004,1.1652004
88000,-2505.6000000000013,1.1648003999999998
89000,-2662.200000000005,1.1644004
90000,-2633.2000000000035,1.1640004
91000,-2749.2000000000075,1.1636004
92000,-2569.4000000000033,1.1632004
93000,-2528.800000000003,1.1628004
94000,-2633.2000000000066,1.1624004000000001
95000,-2610.0000000000045,1.1620004
96000,-2650.600000000007,1.1616004
97000,-2604.2000000000044,1.1612003999999998
98000,-2575.200000000004,1.1608003999999998
99000,-2604.200000000002,1.1604003999999999
100000,-2627.4000000000055,1.1600004
101000,-2673.8000000000034,1.1596004
102000,-2494.0000000000023,1.1592004
103000,-2639.0000000000045,1.1588003999999998
104000,-2656.400000000005,1.1584003999999999
105000,-2592.600000000006,1.1580004
106000,-2586.8000000000043,1.1576004
107000,-2528.8000000000034,1.1572003999999998
108000,-2668.0000000000045,1.1568003999999998
109000,-2726.000000000007,1.1564003999999999
110000,-2639.000000000007,1.1560004
111000,-2662.2000000000057,1.1556004
112000,-2650.600000000007,1.1552003999999998
113000,-2592.600000000003,1.1548003999999998
114000,-2708.600000000008,1.1544003999999999
115000,-2743.4000000000055,1.1540004
116000,-2656.4000000000037,1.1536004
117000,-2731.800000000009,1.1532003999999998
118000,-2714.4000000000037,1.1528003999999998
119000,-2656.400000000004,1.1524004
120000,-2598.4000000000015,1.1520004
121000,-2650.600000000005,1.1516004
122000,-2586.8000000000056,1.1512004
123000,-2662.2000000000053,1.1508004
124000,-2604.2000000000044,1.1504004
125000,-2772.400000000007,1.1500004
126000,-2668.0000000000055,1.1496004
127000,-2766.6000000000067,1.1492004
128000,-2679.600000000003,1.1488004
129000,-2639.000000000003,1.1484004
130000,-2656.4000000000046,1.1480004000000001
131000,-2708.6000000000045,1.1476004
132000,-2743.4000000000055,1.1472004
133000,-2633.200000000004,1.1468004
134000,-2563.600000000005,1.1464004
135000,-2604.2000000000044,1.1460004000000001
136000,-2598.4000000000055,1.1456004
137000,-2755.0000000000045,1.1452004
138000,-2720.2000000000066,1.1448004
139000,-2691.2000000000066,1.1444004
140000,-2569.4000000000033,1.1440004000000001
141000,-2847.8000000000075,1.1436004
142000,-2708.600000000006,1.1432004
143000,-2708.6000000000063,1.1428004
144000,-2633.200000000005,1.1424004
145000,-2726.0000000000055,1.1420004000000001
146000,-2668.000000000005,1.1416004
147000,-2708.600000000004,1.1412004
148000,-2865.200000000007,1.1408003999999998
149000,-2853.600000000006,1.1404003999999999
150000,-2789.800000000006,1.1400004
151000,-2668.0000000000045,1.1396004
152000,-2737.600000000007,1.1392004
153000,-2714.400000000006,1.1388004
154000,-2755.0000000000077,1.1384004
155000,-2731.800000000005,1.1380004000000001
156000,-2633.2000000000025,1.1376004
157000,-2853.6000000000076,1.1372004
158000,-2714.4000000000055,1.1368003999999998
159000,-2813.0000000000086,1.1364003999999999
160000,-2842.0000000000055,1.1360004
161000,-2627.4000000000046,1.1356004
162000,-2766.600000000003,1.1352004
163000,-2784.0000000000055,1.1348004
164000,-2946.400000000006,1.1344004
165000,-2784.000000000004,1.1340004000000001
166000,-2726.000000000005,1.1336004
167000,-2749.2000000000057,1.1332004
168000,-2952.200000000007,1.1328003999999998
169000,-2679.600000000005,1.1324003999999999
170000,-2650.6000000000067,1.1320004
171000,-2708.6000000000063,1.1316004
172000,-2743.4000000000046,1.1312004
173000,-2726.0000000000055,1.1308004
174000,-2737.6000000000067,1.1304003999999999
175000,-2720.2000000000066,1.1300004
176000,-2679.600000000005,1.1296004
177000,-2743.400000000008,1.1292004
178000,-2755.0000000000045,1.1288003999999998
179000,-2836.2000000000057,1.1284003999999999
180000,-2691.200000000005,1.1280004
181000,-2784.0000000000095,1.1276004
182000,-2726.000000000006,1.1272004
183000,-2673.8000000000034,1.1268003999999998
184000,-2702.8000000000065,1.1264003999999999
185000,-2714.400000000006,1.1260004
186000,-2789.800000000008,1.1256004
187000,-2778.2000000000044,1.1252004
188000,-2697.000000000007,1.1248003999999998
189000,-2778.20000000001,1.1244003999999999
190000,-2697.000000000006,1.1240004
191000,-2644.800000000006,1.1236004
192000,-2702.800000000006,1.1232004
193000,-2853.6000000000063,1.1228003999999998
194000,-2917.400000000006,1.1224003999999999
195000,-2882.600000000006,1.1220004
196000,-2818.800000000008,1.1216004
197000,-2702.8000000000065,1.1212004
198000,-2691.200000000004,1.1208003999999998
199000,-2691.200000000005,1.1204003999999999
200000,-2627.4000000000065,1.1200004
201000,-2760.8000000000084,1.1196004
202000,-2772.400000000009,1.1192004
203000,-2818.8000000000093,1.1188003999999998
204000,-2749.2000000000107,1.1184003999999999
205000,-2714.4000000000065,1.1180004000000001
206000,-2702.8000000000047,1.1176004
207000,-2807.2000000000085,1.1172004
208000,-2859.4000000000065,1.1168004
209000,-2911.6000000000085,1.1164003999999998
210000,-2882.6000000000063,1.1160004
211000,-2801.400000000008,1.1156004
212000,-2731.8000000000047,1.1152004
213000,-2888.4000000000087,1.1148004
214000,-2946.4000000000115,1.1144004
215000,-2917.400000000008,1.1140004000000001
216000,-2894.2000000000085,1.1136004
217000,-2784.000000000008,1.1132004
218000,-2842.0000000000095,1.1128004
219000,-2760.800000000006,1.1124003999999998
220000,-2911.600000000008,1.1120003999999999
221000,-2882.6000000000067,1.1116004
222000,-2818.800000000005,1.1112004
223000,-3033.4000000000115,1.1108004
224000,-2969.600000000009,1.1104004
225000,-2905.800000000011,1.1100004
226000,-3068.200000000009,1.1096004
227000,-3033.4000000000137,1.1092004
228000,-2963.800000000012,1.1088004
229000,-2923.2000000000094,1.1084003999999998
230000,-2934.800000000011,1.1080003999999999
231000,-2940.600000000011,1.1076004
232000,-2911.6000000000117,1.1072004
233000,-2772.400000000006,1.1068004
234000,-2847.800000000008,1.1064004
235000,-2865.200000000007,1.1060004
236000,-2818.8000000000065,1.1056004000000001
237000,-2923.20000000001,1.1052004
238000,-2772.400000000005,1.1048004
239000,-2784.000000000007,1.1044004
240000,-2963.8000000000093,1.1040004
241000,-2905.8000000000065,1.1036004000000001
242000,-2859.400000000006,1.1032004
243000,-2871.0000000000073,1.1028004
244000,-2789.8000000000056,1.1024004
245000,-2987.000000000008,1.1020004
246000,-2963.8000000000084,1.1016004000000001
247000,-2946.4000000000046,1.1012004
248000,-2958.000000000007,1.1008004
249000,-2778.2000000000044,1.1004004
250000,-2859.400000000008,1.1000004
251000,-2888.400000000007,1.0996004
252000,-2905.8000000000075,1.0992004
253000,-2900.00000000001,1.0988004
254000,-2882.600000000009,1.0984004
255000,-2894.2000000000103,1.0980004
256000,-2853.600000000004,1.0976004000000001
257000,-3091.400000000011,1.0972004
258000,-2905.8000000000093,1.0968004
259000,-2987.000000000009,1.0964003999999998
260000,-3010.2000000000085,1.0960003999999999
261000,-2992.800000000009,1.0956004
262000,-3050.800000000008,1.0952004
263000,-2836.200000000005,1.0948004
264000,-2952.200000000006,1.0944004
265000,-2969.600000000009,1.0940004
266000,-2963.8000000000106,1.0936004000000001
267000,-2940.6000000000104,1.0932004
268000,-2824.6000000000085,1.0928004
269000,-2981.2000000000116,1.0924003999999998
270000,-2888.4000000000087,1.0920003999999999
271000,-2940.600000000011,1.0916004
272000,-3016.000000000011,1.0912004
273000,-3074.0000000000136,1.0908004
274000,-2969.6000000000095,1.0904004
275000,-3126.2000000000116,1.0900004
276000,-3108.8000000000125,1.0896004000000001
277000,-3091.4000000000115,1.0892004
278000,-3045.000000000007,1.0888004
279000,-3033.4000000000083,1.0884003999999998
280000,-2958.0000000000105,1.0880003999999999
281000,-2929.0000000000095,1.0876004
282000,-3039.20000000001,1.0872004
283000,-3114.6000000000136,1.0868004
284000,-3201.6000000000117,1.0864004
285000,-3149.400000000012,1.0860004
286000,-2963.8000000000084,1.0856004000000001
287000,-3010.200000000009,1.0852004
288000,-3126.2000000000103,1.0848004
289000,-3155.20000000001,1.0844003999999998
290000,-3068.200000000008,1.0840003999999999
291000,-3039.200000000009,1.0836004
292000,-3056.6000000000117,1.0832004
293000,-3230.6000000000117,1.0828004
294000,-3126.2000000000103,1.0824004
295000,-3021.800000000008,1.0820004
296000,-3097.2000000000116,1.0816004
297000,-3172.6000000000076,1.0812004
298000,-3097.20000000001,1.0808004
299000,-3039.20000000001,1.0804004
300000,-3103.0000000000123,1.0800003999999999
301000,-3039.2000000000107,1.0796004
302000,-2946.4000000000096,1.0792004
303000,-3045.000000000011,1.0788004
304000,-3184.2000000000116,1.0784004
305000,-3126.2000000000094,1.0780004
306000,-3050.800000000011,1.0776004
307000,-3126.2000000000107,1.0772004
308000,-3143.6000000000104,1.0768004
309000,-3085.600000000009,1.0764004
310000,-3091.4000000000065,1.0760003999999999
311000,-3079.8000000000106,1.0756004
312000,-3045.0000000000086,1.0752004
313000,-3137.8000000000084,1.0748004
314000,-3149.400000000014,1.0744004
315000,-3114.6000000000095,1.0740004
316000,-3068.2000000000116,1.0736004000000001
317000,-3103.00000000001,1.0732004
318000,-3132.0000000000095,1.0728004
319000,-3311.8000000000097,1.0724004
320000,-3213.200000000014,1.0720004
321000,-3300.2000000000103,1.0716004
322000,-3248.000000000011,1.0712004
323000,-3097.2000000000094,1.0708004
324000,-3068.2000000000103,1.0704004
325000,-3056.600000000012,1.0700004
326000,-3143.6000000000145,1.0696004000000001
327000,-3300.2000000000157,1.0692004
328000,-3108.8000000000125,1.0688004
329000,-3161.000000000014,1.0684004
330000,-3097.200000000012,1.0680004
331000,-3190.000000000014,1.0676004
332000,-3166.800000000014,1.0672004
333000,-3103.000000000015,1.0668004
334000,-3085.60000000001,1.0664004
335000,-2998.600000000009,1.0660004
336000,-3004.400000000012,1.0656004000000001
337000,-3213.200000000008,1.0652004
338000,-3149.40000000001,1.0648004
339000,-3184.200000000012,1.0644004
340000,-3097.2000000000116,1.0640004
341000,-3149.4000000000124,1.0636004
342000,-3236.4000000000115,1.0632004
343000,-3120.4000000000133,1.0628004
344000,-3114.6000000000126,1.0624004
345000,-3230.600000000012,1.0620004
346000,-3114.6000000000095,1.0616004
347000,-3085.6000000000095,1.0612004
348000,-3230.60000000001,1.0608004
349000,-3132.000000000012,1.0604004
350000,-3045.000000000011,1.0600004
351000,-3108.800000000013,1.0596003999999999
352000,-3050.8000000000134,1.0592004
353000,-3079.8000000000097,1.0588004
354000,-2992.8000000000106,1.0584004
355000,-2998.600000000011,1.0580004
356000,-3126.2000000000085,1.0576004
357000,-3079.800000000011,1.0572004
358000,-2929.000000000009,1.0568004
359000,-2952.2000000000075,1.0564004
360000,-3010.2000000000094,1.0560004
361000,-3021.8000000000116,1.0556003999999999
362000,-3045.000000000011,1.0552004
363000,-3021.8000000000116,1.0548004
364000,-3045.0000000000095,1.0544004
365000,-3039.2000000000103,1.0540004
366000,-3103.0000000000073,1.0536004
367000,-3039.200000000008,1.0532004
368000,-3236.4000000000115,1.0528004
369000,-3137.80000000001,1.0524004
370000,-3120.4000000000124,1.0520004
371000,-3137.8000000000116,1.0516003999999999
372000,-3172.600000000013,1.0512004
373000,-3213.200000000011,1.0508004
374000,-3149.4000000000106,1.0504004
375000,-3166.80000000001,1.0500004
376000,-3132.00000000001,1.0496004
377000,-3143.600000000011,1.0492004
378000,-3108.8000000000116,1.0488004
379000,-3149.400000000012,1.0484004
380000,-3172.600000000012,1.0480004
381000,-3149.4000000000124,1.0476003999999999
382000,-3097.2000000000107,1.0472004
383000,-3224.8000000000125,1.0468004
384000,-3074.000000000014,1.0464004
385000,-3265.400000000015,1.0460004
386000,-3224.800000000012,1.0456004
387000,-3300.2000000000116,1.0452004
388000,-3271.200000000011,1.0448004
389000,-3300.2000000000126,1.0444004
390000,-3242.200000000013,1.0440004
391000,-3195.8000000000106,1.0436003999999999
392000,-3265.400000000012,1.0432004
393000,-3149.400000000013,1.0428004
394000,-3114.6000000000113,1.0424004
395000,-3195.800000000011,1.0420004
396000,-3219.000000000014,1.0416004
397000,-3184.2000000000135,1.0412004
398000,-3190.0000000000127,1.0408004
399000,-3201.6000000000126,1.0404004
400000,-3306.0000000000123,1.0400004
401000,-3259.6000000000113,1.0396003999999999
402000,-3294.400000000012,1.0392004
403000,-3323.400000000015,1.0388004
404000,-3253.8000000000106,1.0384004
405000,-3288.600000000012,1.0380004
406000,-3271.200000000013,1.0376004
407000,-3294.400000000012,1.0372004
408000,-3277.000000000009,1.0368004
409000,-3311.8000000000125,1.0364004
410000,-3317.600000000011,1.0360004
411000,-3236.4000000000106,1.0356004
412000,-3294.4000000000115,1.0352004
413000,-3364.0000000000095,1.0348004
414000,-3242.20000000001,1.0344004
415000,-3253.8000000000106,1.0340004
416000,-3288.600000000011,1.0336004
417000,-3300.2000000000116,1.0332004
418000,-3369.8000000000097,1.0328004
419000,-3294.400000000012,1.0324004
420000,-3439.400000000015,1.0320004
421000,-3358.2000000000153,1.0316004
422000,-3248.000000000011,1.0312004
423000,-3271.200000000014,1.0308004
424000,-3340.8000000000084,1.0304004
425000,-3358.200000000012,1.0300004
426000,-3323.40000000001,1.0296004
427000,-3358.200000000012,1.0292004
428000,-3404.600000000009,1.0288004
429000,-3375.600000000009,1.0284004
430000,-3474.200000000009,1.0280004
431000,-3497.4000000000124,1.0276004
432000,-3532.2000000000116,1.0272004
433000,-3462.6000000000126,1.0268004
434000,-3468.400000000013,1.0264004
435000,-3480.000000000015,1.0260004
436000,-3352.4000000000124,1.0256004
437000,-3364.0000000000177,1.0252004
438000,-3375.600000000013,1.0248004
439000,-3416.200000000012,1.0244004
440000,-3480.000000000012,1.0240004
441000,-3433.600000000009,1.0236004
442000,-3474.200000000012,1.0232004
443000,-3451.0000000000105,1.0228004
444000,-3456.8000000000093,1.0224004
445000,-3445.20000000001,1.0220004
446000,-3445.200000000011,1.0216004
447000,-3543.800000000012,1.0212004000000001
448000,-3503.2000000000144,1.0208004
449000,-3532.2000000000116,1.0204004
450000,-3578.6000000000095,1.0200004
451000,-3636.600000000013,1.0196004
452000,-3625.000000000014,1.0192004
453000,-3654.0000000000123,1.0188004
454000,-3538.000000000013,1.0184004
455000,-3474.200000000012,1.0180004
456000,-3572.8000000000143,1.0176004
457000,-3543.8000000000134,1.0172004000000001
458000,-3520.600000000013,1.0168004
459000,-3596.000000000013,1.0164004
460000,-3538.0000000000123,1.0160004
461000,-3561.2000000000144,1.0156004
462000,-3497.4000000000133,1.0152004
463000,-3543.800000000016,1.0148004
464000,-3532.200000000014,1.0144004
465000,-3538.0000000000136,1.0140004
466000,-3526.400000000015,1.0136004
467000,-3514.800000000015,1.0132004000000001
468000,-3567.0000000000105,1.0128004
469000,-3538.000000000014,1.0124004
470000,-3509.000000000013,1.0120004
471000,-3532.2000000000166,1.0116004
472000,-3596.000000000015,1.0112003999999999
473000,-3561.2000000000157,1.0108004
474000,-3555.400000000016,1.0104004
475000,-3578.600000000015,1.0100004
476000,-3578.600000000014,1.0096004
477000,-3503.200000000015,1.0092004
478000,-3543.800000000017,1.0088004
479000,-3526.4000000000174,1.0084004
480000,-3485.800000000015,1.0080004
481000,-3520.6000000000145,1.0076004
482000,-3601.8000000000125,1.0072003999999999
483000,-3613.400000000013,1.0068004
484000,-3630.8000000000147,1.0064004
485000,-3636.600000000019,1.0060004
486000,-3654.0000000000155,1.0056004
487000,-3665.6000000000154,1.0052004
488000,-3752.6000000000145,1.0048004
489000,-3741.0000000000127,1.0044004
490000,-3648.200000000016,1.0040004
491000,-3746.8000000000156,1.0036004
492000,-3659.8000000000116,1.0032003999999999
493000,-3648.2000000000135,1.0028004
494000,-3758.400000000014,1.0024004
495000,-3700.4000000000146,1.0020004
496000,-3700.4000000000124,1.0016004
497000,-3671.4000000000133,1.0012004
498000,-3717.8000000000143,1.0008004
499000,-3683.000000000014,1.0004004
500000,-3706.2000000000144,1.0000004
501000,-3694.600000000016,1.0
502000,-3828.0000000000155,1.0
503000,-3793.2000000000185,1.0
504000,-3735.200000000018,1.0
505000,-3723.600000000018,1.0
506000,-3723.6000000000186,1.0
507000,-3735.2000000000157,1.0
508000,-3677.200000000017,1.0
509000,-3845.400000000014,1.0
510000,-3851.200000000015,1.0
511000,-3880.200000000019,1.0
512000,-3874.4000000000183,1.0
513000,-3781.600000000018,1.0
514000,-3857.000000000021,1.0
515000,-3793.2000000000153,1.0
516000,-3717.800000000015,1.0
517000,-3886.0000000000173,1.0
518000,-3816.4000000000174,1.0
519000,-3828.000000000019,1.0
520000,-3886.000000000019,1.0
521000,-3880.200000000018,1.0
522000,-3880.20000000002,1.0
523000,-3822.200000000014,1.0
524000,-3955.6000000000186,1.0
525000,-3770.000000000016,1.0
526000,-3874.400000000017,1.0
527000,-3799.0000000000164,1.0
528000,-3897.600000000012,1.0
529000,-3938.2000000000157,1.0
530000,-3891.8000000000166,1.0
531000,-3891.800000000016,1.0
532000,-3804.8000000000175,1.0
533000,-3833.800000000015,1.0
534000,-3874.400000000013,1.0
535000,-3903.4000000000124,1.0
536000,-3886.0000000000136,1.0
537000,-3857.0000000000136,1.0
538000,-3828.0000000000127,1.0
539000,-3903.400000000011,1.0
540000,-3880.2000000000116,1.0
541000,-3915.0000000000146,1.0
542000,-3973.000000000014,1.0
543000,-4036.800000000015,1.0
544000,-4031.0000000000136,1.0
545000,-3984.600000000016,1.0
546000,-4060.000000000014,1.0
547000,-4054.2000000000135,1.0
548000,-3978.8000000000143,1.0
549000,-4036.800000000017,1.0
550000,-4042.6000000000186,1.0
551000,-3978.800000000019,1.0
552000,-3955.600000000017,1.0
553000,-4002.000000000017,1.0
554000,-4007.8000000000156,1.0
555000,-4048.4000000000165,1.0
556000,-4042.6000000000167,1.0
557000,-4007.8000000000156,1.0
558000,-3978.8000000000147,1.0
559000,-3949.800000000014,1.0
560000,-3990.4000000000156,1.0
561000,-3944.0000000000146,1.0
562000,-3996.2000000000135,1.0
563000,-3973.000000000015,1.0
564000,-3944.0000000000146,1.0
565000,-3961.4000000000115,1.0
566000,-4036.8000000000125,1.0
567000,-3961.4000000000146,1.0
568000,-3897.6000000000113,1.0
569000,-4002.0000000000146,1.0
570000,-3938.2000000000166,1.0
571000,-3845.4000000000124,1.0
572000,-3967.2000000000126,1.0
573000,-4013.600000000013,1.0
574000,-3961.400000000014,1.0
575000,-4054.200000000011,1.0
576000,-3978.800000000013,1.0
577000,-4048.400000000013,1.0
578000,-4031.0000000000123,1.0
579000,-4129.60000000001,1.0
580000,-4025.200000000013,1.0
581000,-4089.0000000000136,1.0
582000,-4077.4000000000133,1.0
583000,-4083.200000000014,1.0
584000,-4071.600000000013,1.0
585000,-4048.400000000014,1.0
586000,-4036.8000000000156,1.0
587000,-4129.600000000016,1.0
588000,-4141.200000000016,1.0
589000,-4118.000000000014,1.0
590000,-4112.200000000015,1.0
591000,-4083.200000000016,1.0
592000,-4036.800000000015,1.0
593000,-4100.600000000015,1.0
594000,-4083.2000000000144,1.0
595000,-4013.6000000000136,1.0
596000,-4054.200000000015,1.0
597000,-4013.6000000000126,1.0
598000,-4083.200000000016,1.0
599000,-4176.000000000014,1.0
600000,-4141.200000000013,1.0
601000,-4147.000000000015,1.0
602000,-4147.000000000015,1.0
603000,-4164.400000000013,1.0
604000,-4176.000000000011,1.0
605000,-4193.400000000013,1.0
606000,-4129.600000000015,1.0
607000,-4193.400000000013,1.0
608000,-4181.800000000015,1.0
609000,-4239.800000000017,1.0
610000,-4158.600000000015,1.0
611000,-4135.400000000015,1.0
612000,-4205.000000000015,1.0
613000,-4216.600000000013,1.0
614000,-4129.600000000012,1.0
615000,-4170.200000000012,1.0
616000,-4222.4000000000115,1.0
617000,-4135.40000000001,1.0
618000,-4187.60000000001,1.0
619000,-4152.800000000013,1.0
620000,-4083.200000000011,1.0
621000,-4193.400000000011,1.0
622000,-4123.800000000012,1.0
623000,-4071.600000000011,1.0
624000,-4077.4000000000124,1.0
625000,-4158.600000000011,1.0
626000,-4181.800000000012,1.0
627000,-4129.600000000013,1.0
628000,-4164.400000000013,1.0
629000,-4141.200000000013,1.0
630000,-4158.600000000012,1.0
631000,-4234.000000000015,1.0
632000,-4210.800000000014,1.0
633000,-4170.200000000012,1.0
634000,-4216.600000000013,1.0
635000,-4216.600000000013,1.0
636000,-4239.800000000013,1.0
637000,-4251.400000000014,1.0
638000,-4199.2000000000135,1.0
639000,-4234.000000000015,1.0
640000,-4118.000000000012,1.0
641000,-4013.6000000000104,1.0
642000,-4089.000000000012,1.0
643000,-4083.200000000013,1.0
644000,-4060.0000000000123,1.0
645000,-4118.000000000012,1.0
646000,-4065.80000000001,1.0
647000,-4123.800000000013,1.0
648000,-4048.400000000013,1.0
649000,-4060.0000000000127,1.0
650000,-4054.200000000013,1.0
651000,-4094.800000000011,1.0
652000,-4147.000000000014,1.0
653000,-4100.60000000001,1.0
654000,-4222.400000000011,1.0
655000,-4152.800000000011,1.0
656000,-4216.600000000014,1.0
657000,-4100.600000000011,1.0
658000,-4100.600000000011,1.0
659000,-4083.2000000000103,1.0
660000,-4100.600000000009,1.0
661000,-4106.40000000001,1.0
662000,-4147.000000000012,1.0
663000,-4152.80000000001,1.0
664000,-4170.200000000013,1.0
665000,-4152.800000000014,1.0
666000,-4123.800000000011,1.0
667000,-4216.600000000013,1.0
668000,-4239.800000000013,1.0
669000,-4321.000000000014,1.0
670000,-4274.600000000015,1.0
671000,-4268.800000000015,1.0
672000,-4257.200000000013,1.0
673000,-4268.800000000014,1.0
674000,-4251.400000000014,1.0
675000,-4239.800000000014,1.0
676000,-4268.800000000012,1.0
677000,-4344.200000000013,1.0
678000,-4245.600000000012,1.0
679000,-4268.800000000012,1.0
680000,-4251.400000000013,1.0
681000,-4326.800000000015,1.0
682000,-4199.2000000000135,1.0
683000,-4274.600000000016,1.0
684000,-4361.600000000016,1.0
685000,-4286.2000000000135,1.0
686000,-4228.200000000016,1.0
687000,-4234.000000000014,1.0
688000,-4326.800000000016,1.0
689000,-4338.400000000016,1.0
690000,-4321.000000000015,1.0
691000,-4292.000000000013,1.0
692000,-4257.200000000015,1.0
693000,-4263.000000000013,1.0
694000,-4321.000000000016,1.0
695000,-4350.000000000016,1.0
696000,-4309.400000000012,1.0
697000,-4297.800000000015,1.0
698000,-4263.000000000013,1.0
699000,-4216.600000000014,1.0
700000,-4245.600000000015,1.0
701000,-4239.800000000016,1.0
702000,-4199.200000000018,1.0
703000,-4193.400000000014,1.0
704000,-4234.000000000016,1.0
705000,-4274.600000000016,1.0
706000,-4286.200000000014,1.0
707000,-4268.800000000016,1.0
708000,-4245.600000000014,1.0
709000,-4379.000000000019,1.0
710000,-4379.0000000000155,1.0
711000,-4379.000000000018,1.0
712000,-4361.600000000019,1.0
713000,-4309.400000000016,1.0
714000,-4344.200000000014,1.0
715000,-4280.400000000015,1.0
716000,-4315.200000000016,1.0
717000,-4297.8000000000175,1.0
718000,-4379.000000000021,1.0
719000,-4361.600000000017,1.0
720000,-4373.200000000017,1.0
721000,-4373.200000000016,1.0
722000,-4402.200000000018,1.0
723000,-4402.20000000002,1.0
724000,-4466.000000000019,1.0
725000,-4442.80000000002,1.0
726000,-4471.800000000021,1.0
727000,-4495.000000000022,1.0
728000,-4326.800000000018,1.0
729000,-4448.600000000019,1.0
730000,-4350.000000000018,1.0
731000,-4437.0000000000155,1.0
732000,-4437.000000000015,1.0
733000,-4477.600000000019,1.0
734000,-4477.600000000016,1.0
735000,-4518.200000000019,1.0
736000,-4483.400000000019,1.0
737000,-4483.400000000018,1.0
738000,-4425.400000000018,1.0
739000,-4466.000000000019,1.0
740000,-4541.400000000021,1.0
741000,-4518.200000000019,1.0
742000,-4582.000000000022,1.0
743000,-4460.20000000002,1.0
744000,-4506.600000000019,1.0
745000,-4541.400000000021,1.0
746000,-4512.400000000018,1.0
747000,-4524.000000000019,1.0
748000,-4535.600000000017,1.0
749000,-4524.000000000019,1.0
750000,-4587.800000000019,1.0
751000,-4570.400000000018,1.0
752000,-4471.800000000019,1.0
753000,-4529.8000000000175,1.0
754000,-4599.40000000002,1.0
755000,-4529.8000000000175,1.0
756000,-4558.800000000017,1.0
757000,-4529.80000000002,1.0
758000,-4535.600000000019,1.0
759000,-4558.800000000018,1.0
760000,-4529.800000000018,1.0
761000,-4564.600000000018,1.0
762000,-4628.400000000019,1.0
763000,-4634.200000000017,1.0
764000,-4645.800000000019,1.0
765000,-4611.000000000018,1.0
766000,-4616.800000000019,1.0
767000,-4593.6000000000195,1.0
768000,-4582.000000000018,1.0
769000,-4616.8000000000175,1.0
770000,-4553.000000000019,1.0
771000,-4553.000000000016,1.0
772000,-4680.60000000002,1.0
773000,-4657.40000000002,1.0
774000,-4582.000000000019,1.0
775000,-4587.800000000018,1.0
776000,-4645.800000000021,1.0
777000,-4680.600000000023,1.0
778000,-4663.200000000021,1.0
779000,-4605.200000000022,1.0
780000,-4640.000000000021,1.0
781000,-4634.200000000023,1.0
782000,-4674.80000000002,1.0
783000,-4703.800000000021,1.0
784000,-4756.000000000022,1.0
785000,-4692.200000000022,1.0
786000,-4709.600000000021,1.0
787000,-4721.200000000023,1.0
788000,-4663.20000000002,1.0
789000,-4605.200000000019,1.0
790000,-4669.000000000021,1.0
791000,-4669.00000000002,1.0
792000,-4732.800000000022,1.0
793000,-4727.000000000022,1.0
794000,-4709.600000000021,1.0
795000,-4779.200000000023,1.0
796000,-4802.400000000024,1.0
797000,-4790.800000000022,1.0
798000,-4785.000000000022,1.0
799000,-4796.600000000023,1.0
800000,-4773.400000000023,1.0
801000,-4715.400000000021,1.0
802000,-4732.800000000023,1.0
803000,-4819.800000000023,1.0
804000,-4808.200000000026,1.0
805000,-4814.000000000025,1.0
806000,-4831.400000000028,1.0
807000,-4802.400000000028,1.0
808000,-4785.000000000026,1.0
809000,-4773.400000000028,1.0
810000,-4790.8000000000275,1.0
811000,-4785.000000000026,1.0
812000,-4738.600000000025,1.0
813000,-4727.000000000023,1.0
814000,-4808.200000000026,1.0
815000,-4796.600000000025,1.0
816000,-4732.800000000021,1.0
817000,-4732.800000000023,1.0
818000,-4756.000000000024,1.0
819000,-4744.400000000023,1.0
820000,-4692.200000000024,1.0
821000,-4773.400000000026,1.0
822000,-4663.2000000000235,1.0
823000,-4703.800000000023,1.0
824000,-4837.200000000024,1.0
825000,-4802.400000000024,1.0
826000,-4785.000000000025,1.0
827000,-4732.800000000026,1.0
828000,-4796.600000000022,1.0
829000,-4796.600000000024,1.0
830000,-4727.000000000024,1.0
831000,-4698.000000000021,1.0
832000,-4825.600000000023,1.0
833000,-4814.000000000023,1.0
834000,-4767.600000000024,1.0
835000,-4715.400000000022,1.0
836000,-4819.800000000022,1.0
837000,-4802.400000000022,1.0
838000,-4773.4000000000215,1.0
839000,-4895.2000000000235,1.0
840000,-4837.200000000021,1.0
841000,-4883.600000000024,1.0
842000,-4889.400000000026,1.0
843000,-4901.000000000027,1.0
844000,-4889.400000000026,1.0
845000,-4964.800000000028,1.0
846000,-4964.800000000028,1.0
847000,-4999.6000000000295,1.0
848000,-4918.400000000027,1.0
849000,-4941.600000000028,1.0
850000,-4924.200000000025,1.0
851000,-4935.800000000026,1.0
852000,-4935.800000000025,1.0
853000,-4930.000000000029,1.0
854000,-4895.200000000027,1.0
855000,-4901.000000000026,1.0
856000,-4767.600000000024,1.0
857000,-4883.600000000025,1.0
858000,-4901.0000000000255,1.0
859000,-4866.200000000025,1.0
860000,-4976.400000000028,1.0
861000,-4930.000000000028,1.0
862000,-4918.400000000029,1.0
863000,-4895.200000000027,1.0
864000,-4941.600000000029,1.0
865000,-4866.200000000025,1.0
866000,-4877.800000000028,1.0
867000,-4912.6000000000295,1.0
868000,-4866.200000000029,1.0
869000,-4889.400000000029,1.0
870000,-4837.200000000028,1.0
871000,-4901.000000000029,1.0
872000,-4831.400000000028,1.0
873000,-4814.000000000028,1.0
874000,-4895.200000000028,1.0
875000,-4854.600000000029,1.0
876000,-4901.000000000031,1.0
877000,-4796.600000000026,1.0
878000,-4848.8000000000275,1.0
879000,-4750.200000000025,1.0
880000,-4692.200000000024,1.0
881000,-4785.0000000000255,1.0
882000,-4866.200000000029,1.0
883000,-4866.20000000003,1.0
884000,-4860.400000000029,1.0
885000,-4924.200000000029,1.0
886000,-4872.000000000026,1.0
887000,-4930.00000000003,1.0
888000,-4953.200000000028,1.0
889000,-4808.200000000026,1.0
890000,-4790.8000000000275,1.0
891000,-4819.800000000027,1.0
892000,-4761.800000000026,1.0
893000,-4814.000000000028,1.0
894000,-4802.400000000027,1.0
895000,-4843.000000000028,1.0
896000,-4883.600000000029,1.0
897000,-4877.8000000000275,1.0
898000,-4906.800000000028,1.0
899000,-4872.0000000000255,1.0
900000,-4877.800000000027,1.0
901000,-4866.200000000027,1.0
902000,-4819.800000000025,1.0
903000,-4895.200000000025,1.0
904000,-4854.600000000025,1.0
905000,-4895.200000000025,1.0
906000,-4918.400000000028,1.0
907000,-4906.800000000027,1.0
908000,-4901.0000000000255,1.0
909000,-4860.400000000024,1.0
910000,-4796.600000000024,1.0
911000,-4831.400000000024,1.0
912000,-4802.400000000024,1.0
913000,-4860.400000000025,1.0
914000,-4837.200000000024,1.0
915000,-4825.600000000024,1.0
916000,-4837.200000000026,1.0
917000,-4819.800000000025,1.0
918000,-4802.400000000024,1.0
919000,-4814.000000000022,1.0
920000,-4750.2000000000235,1.0
921000,-4796.600000000024,1.0
922000,-4814.000000000026,1.0
923000,-4779.200000000026,1.0
924000,-4825.600000000024,1.0
925000,-4912.600000000025,1.0
926000,-4825.600000000024,1.0
927000,-4872.000000000022,1.0
928000,-4796.600000000021,1.0
929000,-4872.000000000025,1.0
930000,-4843.000000000023,1.0
931000,-4872.0000000000255,1.0
932000,-4860.4000000000215,1.0
933000,-4837.200000000023,1.0
934000,-4761.800000000024,1.0
935000,-4866.200000000025,1.0
936000,-4860.400000000026,1.0
937000,-4819.800000000027,1.0
938000,-4779.200000000025,1.0
939000,-4808.200000000024,1.0
940000,-4785.000000000025,1.0
941000,-4773.4000000000215,1.0
942000,-4785.000000000023,1.0
943000,-4802.400000000022,1.0
944000,-4802.4000000000215,1.0
945000,-4779.200000000023,1.0
946000,-4831.400000000023,1.0
947000,-4843.000000000022,1.0
948000,-4854.60000000002,1.0
949000,-4819.800000000025,1.0
950000,-4814.000000000026,1.0
951000,-4854.600000000026,1.0
952000,-4895.200000000025,1.0
953000,-4889.400000000024,1.0
954000,-4860.400000000025,1.0
955000,-4837.200000000028,1.0
956000,-4924.200000000028,1.0
957000,-4895.200000000028,1.0
958000,-4959.000000000025,1.0
959000,-5011.200000000026,1.0
960000,-4999.600000000026,1.0
961000,-4982.200000000025,1.0
962000,-4918.400000000027,1.0
963000,-4953.200000000026,1.0
964000,-4999.600000000027,1.0
965000,-4941.600000000025,1.0
966000,-4930.000000000027,1.0
967000,-4918.400000000025,1.0
968000,-4941.600000000028,1.0
969000,-4964.8000000000275,1.0
970000,-4999.6000000000295,1.0
971000,-5022.800000000029,1.0
972000,-4976.400000000029,1.0
973000,-4970.600000000028,1.0
974000,-4982.200000000027,1.0
975000,-4976.400000000027,1.0
976000,-5005.400000000027,1.0
977000,-4993.8000000000275,1.0
978000,-4935.800000000027,1.0
979000,-4970.600000000027,1.0
980000,-4935.800000000027,1.0
981000,-4935.800000000028,1.0
982000,-4930.000000000028,1.0
983000,-4993.800000000028,1.0
984000,-4906.800000000026,1.0
985000,-4912.600000000027,1.0
986000,-4918.400000000026,1.0
987000,-4901.000000000026,1.0
988000,-4866.200000000025,1.0
989000,-4924.200000000026,1.0
990000,-4953.200000000027,1.0
991000,-4930.000000000027,1.0
992000,-4964.800000000028,1.0
993000,-4976.400000000028,1.0
994000,-4941.600000000028,1.0
995000,-4883.600000000025,1.0
996000,-4843.000000000026,1.0
997000,-4848.800000000026,1.0
998000,-4837.200000000025,1.0
999000,-4889.400000000027,1.0
1000000,-4883.600000000026,1.0
